{
	"format_version": "1.21.6",
	"credit": "Made with Blockbench",
	"parent": "minecraft:item/apple_3d",
	"textures": {
		"3": "item/eatinganimation/apple/apple_stem",
		"4": "item/eatinganimation/apple/apple_eat_2",
		"particle": "item/food_particles/apple"
	},
	"elements": [
		{
			"name": "leaf",
			"from": [7.9999, 4.65109, 6.57602],
			"to": [8.0001, 7.65129, 8.57622],
			"rotation": {"angle": -22.5, "axis": "x", "origin": [8.5, 4.13425, 8.17493]},
			"faces": {
				"east": {"uv": [0, 0, 2, 3], "texture": "#3"},
				"west": {"uv": [2, 0, 4, 3], "texture": "#3"}
			}
		},
		{
			"name": "stem",
			"from": [7.501, 4.67682, 7.22107],
			"to": [8.499, 6.67482, 8.21907],
			"rotation": {"angle": 22.5, "axis": "x", "origin": [8.5, 4.13425, 8.17493]},
			"faces": {
				"north": {"uv": [0, 3, 1, 5], "texture": "#3"},
				"east": {"uv": [1, 3, 2, 5], "texture": "#3"},
				"south": {"uv": [2, 3, 3, 5], "texture": "#3"},
				"west": {"uv": [3, 3, 4, 5], "texture": "#3"},
				"up": {"uv": [5, 1, 4, 0], "texture": "#3"}
			}
		},
		{
			"name": "apple",
			"from": [7.5, 0, 5.5],
			"to": [10.5, 5, 8.5],
			"rotation": {"angle": 0, "axis": "y", "origin": [8.5, 4.13425, 8.17493]},
			"faces": {
				"north": {"uv": [0, 0, 3, 5], "texture": "#4"},
				"east": {"uv": [5, 0, 8, 5], "texture": "#4"},
				"west": {"uv": [0, 5, 3, 10], "texture": "#4"},
				"up": {"uv": [11, 3, 8, 0], "texture": "#4"},
				"down": {"uv": [11, 3, 8, 6], "texture": "#4"}
			}
		},
		{
			"name": "apple",
			"from": [7.5, 0, 8.5],
			"to": [10.5, 5, 10.5],
			"rotation": {"angle": 0, "axis": "y", "origin": [8.5, 4.13425, 8.17493]},
			"faces": {
				"east": {"uv": [3, 10, 5, 15], "texture": "#4"},
				"south": {"uv": [0, 10, 3, 15], "texture": "#4"},
				"west": {"uv": [5, 10, 7, 15], "texture": "#4"},
				"up": {"uv": [14, 8, 11, 6], "texture": "#4"},
				"down": {"uv": [10, 11, 7, 13], "texture": "#4"}
			}
		}
	],
	"groups": [
		{
			"name": "apple",
			"origin": [8, 4, 7],
			"color": 0,
			"children": [0, 1, 2, 3]
		}
	]
}