{"variants":{"":[{"model":"aether_redux:block/blightwillow_leaves1"},{"model":"aether_redux:block/blightwillow_leaves1","y":90},{"model":"aether_redux:block/blightwillow_leaves1","y":180},{"model":"aether_redux:block/blightwillow_leaves1","y":270},{"model":"aether_redux:block/blightwillow_leaves2"},{"model":"aether_redux:block/blightwillow_leaves2","y":90},{"model":"aether_redux:block/blightwillow_leaves2","y":180},{"model":"aether_redux:block/blightwillow_leaves2","y":270},{"model":"aether_redux:block/blightwillow_leaves3"},{"model":"aether_redux:block/blightwillow_leaves3","y":90},{"model":"aether_redux:block/blightwillow_leaves3","y":180},{"model":"aether_redux:block/blightwillow_leaves3","y":270},{"model":"aether_redux:block/blightwillow_leaves4"},{"model":"aether_redux:block/blightwillow_leaves4","y":90},{"model":"aether_redux:block/blightwillow_leaves4","y":180},{"model":"aether_redux:block/blightwillow_leaves4","y":270}]}}