{
  "model": {
    "type": "minecraft:select",
    "property": "minecraft:display_context",
    "cases": [
      {
        "when": [
          "gui",
          "fixed"
        ],
        "model": {
          "type": "minecraft:model",
          "model": "minecraft:item/cookie"
        }
      }
    ],
    "fallback": {
      "type": "minecraft:condition",
      "property": "minecraft:using_item",
      "on_true": {
        "type": "minecraft:range_dispatch",
        "property": "minecraft:use_duration",
        "entries": [
              {
                "threshold": 0,
                "model": {
                  "type": "minecraft:model",
                  "model": "item/eatinganimation/cookie/cookie_eat_0"
                }
              },
              {
                "threshold": 6.4,
                "model": {
                  "type": "minecraft:model",
                  "model": "item/eatinganimation/cookie/cookie_eat_1"
                }
              },
              {
                "threshold": 12.8,
                "model": {
                  "type": "minecraft:model",
                  "model": "item/eatinganimation/cookie/cookie_eat_2"
                }
              },
              {
                "threshold": 19.2,
                "model": {
                  "type": "minecraft:model",
                  "model": "item/eatinganimation/cookie/cookie_eat_3"
                }
              },
              {
                "threshold": 25.6,
                "model": {
                  "type": "minecraft:model",
                  "model": "item/eatinganimation/cookie/cookie_eat_4"
		              }
                },
		            {
                "threshold": 31.5,
                "model": {
                  "type": "minecraft:model",
                  "model": "item/cookie_3d"
                }
              }
            ]
      },
      "on_false": {
        "type": "minecraft:model",
        "model": "item/cookie_3d"
      }
    }
  }
}