{
	"format_version": "1.21.6",
	"credit": "Made with Blockbench",
	"texture_size": [32, 32],
	"textures": {
		"1": "item/eatinganimation/poisonous_potato/poisonous_potato_eat_1",
		"particle": "item/poisonous_potato"
	},
	"elements": [
		{
			"name": "potato",
			"from": [5.5, 0, 3.5],
			"to": [10.5, 5, 6.5],
			"rotation": {"angle": 0, "axis": "y", "origin": [-1.5, 0, -3.5]},
			"faces": {
				"north": {"uv": [0, 5, 2.5, 7.5], "texture": "#1"},
				"east": {"uv": [3, 0, 4.5, 2.5], "texture": "#1"},
				"south": {"uv": [7, 0, 9.5, 2.5], "texture": "#1"},
				"west": {"uv": [0, 2.5, 1.5, 5], "texture": "#1"},
				"up": {"uv": [7, 4.5, 4.5, 3], "texture": "#1"},
				"down": {"uv": [7, 7.5, 4.5, 9], "texture": "#1"}
			}
		},
		{
			"name": "potato",
			"from": [10.499, -0.001, 1.499],
			"to": [10.501, 8.001, 6.499],
			"rotation": {"angle": 0, "axis": "y", "origin": [3.5, 0, -3.5]},
			"faces": {
				"east": {"uv": [4.00038, 12, 6.5, 16], "texture": "#1"},
				"west": {"uv": [6.5, 12, 4.00038, 16], "texture": "#1"}
			}
		},
		{
			"name": "potato",
			"from": [5.499, -0.001, 1.499],
			"to": [5.501, 8.001, 6.499],
			"rotation": {"angle": 0, "axis": "y", "origin": [-1.5, 0, -3.5]},
			"faces": {
				"east": {"uv": [8.99962, 12, 6.5, 16], "texture": "#1"},
				"west": {"uv": [6.5, 12, 8.99962, 16], "texture": "#1"}
			}
		}
	],
	"display": {
		"thirdperson_righthand": {
			"translation": [0, 4.4, 2.25],
			"scale": [0.55, 0.55, 0.55]
		},
		"thirdperson_lefthand": {
			"translation": [0, 4.4, 2.25],
			"scale": [0.55, 0.55, 0.55]
		},
		"firstperson_righthand": {
			"rotation": [-16, -85, -8],
			"translation": [-4, 10, 0.75],
			"scale": [0.5, 0.5, 0.5]
		},
		"firstperson_lefthand": {
			"rotation": [-16, -85, -8],
			"translation": [-4, 10, 0.75],
			"scale": [0.5, 0.5, 0.5]
		},
		"ground": {
			"translation": [0, 3.5, 0],
			"scale": [0.5, 0.5, 0.5]
		},
		"gui": {
			"rotation": [30, -45, 0],
			"translation": [-0.25, 4.75, 0],
			"scale": [1.2, 1.2, 1.2]
		},
		"head": {
			"translation": [-0.5, 14.5, -0.5]
		},
		"fixed": {
			"rotation": [0, 90, 0],
			"translation": [-1, 7.75, 1.75],
			"scale": [1.5, 1.5, 1.5]
		}
	},
	"groups": [
		{
			"name": "poisonous_potato",
			"origin": [10, 3, 11],
			"color": 0,
			"children": [
				{
					"name": "potato",
					"origin": [-1, 0, -3],
					"color": 0,
					"children": [0]
				}
			]
		},
		1,
		2
	]
}