{
	"format_version": "1.21.6",
	"credit": "Made with Blockbench",
	"texture_size": [32, 32],
	"textures": {
		"1": "item/cooked_porkchop_3d",
		"particle": "item/cooked_porkchop"
	},
	"elements": [
		{
			"name": "porkchop",
			"from": [5.5, 0.5, 4.5],
			"to": [10.5, 2.5, 9.5],
			"rotation": {"angle": 0, "axis": "y", "origin": [8, 0.75, 7]},
			"faces": {
				"north": {"uv": [5, 1, 7.5, 2], "texture": "#1"},
				"east": {"uv": [1, 4.5, 3.5, 5.5], "texture": "#1"},
				"south": {"uv": [5, 0, 7.5, 1], "texture": "#1"},
				"west": {"uv": [7, 4.5, 4.5, 5.5], "texture": "#1"},
				"up": {"uv": [2.5, 0, 0, 2.5], "texture": "#1"},
				"down": {"uv": [5, 1, 2.5, 3.5], "texture": "#1"}
			}
		},
		{
			"name": "porkchop",
			"from": [8.5, 0.5, 10.5],
			"to": [10.5, 2.5, 11.5],
			"rotation": {"angle": 0, "axis": "y", "origin": [8, 0.75, 7]},
			"faces": {
				"north": {"uv": [5, 1, 6, 2], "texture": "#1"},
				"east": {"uv": [0, 4.5, 0.5, 5.5], "texture": "#1"},
				"south": {"uv": [6.5, 0, 7.5, 1], "texture": "#1"},
				"west": {"uv": [4, 4.5, 3.5, 5.5], "texture": "#1"},
				"up": {"uv": [1, 3, 0, 3.5], "texture": "#1"},
				"down": {"uv": [3.5, 0, 2.5, 0.5], "texture": "#1"}
			}
		},
		{
			"name": "porkchop",
			"from": [7.5, 0.5, 9.5],
			"to": [10.5, 2.5, 10.5],
			"rotation": {"angle": 0, "axis": "y", "origin": [8, 0.75, 7]},
			"faces": {
				"north": {"uv": [5, 1, 6.5, 2], "texture": "#1"},
				"east": {"uv": [0.5, 4.5, 1, 5.5], "texture": "#1"},
				"south": {"uv": [6, 0, 7.5, 1], "texture": "#1"},
				"west": {"uv": [4.5, 4.5, 4, 5.5], "texture": "#1"},
				"up": {"uv": [1.5, 2.5, 0, 3], "texture": "#1"},
				"down": {"uv": [4, 0.5, 2.5, 1], "texture": "#1"}
			}
		}
	],
	"display": {
		"thirdperson_righthand": {
			"translation": [0, 4.9, 2.5],
			"scale": [0.65, 0.65, 0.65]
		},
		"thirdperson_lefthand": {
			"translation": [0, 4.9, 2.5],
			"scale": [0.65, 0.65, 0.65]
		},
		"firstperson_righthand": {
			"rotation": [-9, -86, 0],
			"translation": [3.25, 7.5, 0.75]
		},
		"firstperson_lefthand": {
			"rotation": [-9, -86, 0],
			"translation": [3.25, 7.5, 0.75]
		},
		"ground": {
			"translation": [0, 3.5, 0],
			"scale": [0.75, 0.75, 0.75]
		},
		"gui": {
			"rotation": [30, -45, 0],
			"translation": [-1.25, 7.25, 0],
			"scale": [1.25, 1.25, 1.25]
		},
		"head": {
			"translation": [-0.25, 13.75, 0]
		},
		"fixed": {
			"rotation": [-90, 90, 0],
			"translation": [0.5, 1, -10.25],
			"scale": [1.5, 1.5, 1.5]
		}
	},
	"groups": [
		{
			"name": "cooked_porckchop",
			"origin": [-10, 2, 0],
			"color": 0,
			"children": [0, 1, 2]
		}
	]
}