{
	"format_version": "1.21.6",
	"credit": "Made with Blockbench",
	"parent": "minecraft:item/beetroot_3d",
	"texture_size": [32, 32],
	"textures": {
		"0": "item/eatinganimation/beetroot/beetroot_eat_1",
		"particle": "item/beetroot"
	},
	"elements": [
		{
			"name": "stem2",
			"from": [6.4999, 8.9999, 8.0999],
			"to": [9.5001, 14.0001, 8.1001],
			"rotation": {"angle": 22.5, "axis": "z", "origin": [8, 9, 8]},
			"faces": {
				"north": {"uv": [7.5, 2.5, 9, 0], "texture": "#0"},
				"south": {"uv": [7.5, 2.5, 9, 0], "texture": "#0"}
			}
		},
		{
			"name": "stem3",
			"from": [6.4999, 8.9999, 7.8999],
			"to": [9.5001, 14.0001, 7.9001],
			"rotation": {"angle": -22.5, "axis": "z", "origin": [8, 9, 8]},
			"faces": {
				"north": {"uv": [9, 2.5, 10.5, 0], "texture": "#0"},
				"south": {"uv": [9, 2.5, 10.5, 0], "texture": "#0"}
			}
		},
		{
			"name": "bulb3",
			"from": [5.5, 8.5, 5.5],
			"to": [10.5, 9.5, 10.5],
			"rotation": {"angle": 0, "axis": "y", "origin": [-1.5, 4.5, -1.5]},
			"faces": {
				"north": {"uv": [0, 0, 2.5, 0.5], "texture": "#0"},
				"east": {"uv": [0, 2.5, 2.5, 3], "texture": "#0"},
				"south": {"uv": [2.5, 0, 5, 0.5], "texture": "#0"},
				"west": {"uv": [2.5, 2.5, 5, 3], "texture": "#0"},
				"up": {"uv": [0, 5, 2.5, 7.5], "rotation": 180, "texture": "#0"},
				"down": {"uv": [5, 2.5, 7.5, 0], "rotation": 180, "texture": "#0"}
			}
		}
	],
	"groups": [
		{
			"name": "beetroot",
			"origin": [8, 12, 10.5],
			"color": 0,
			"children": [
				{
					"name": "stem",
					"origin": [8, 12, 10.5],
					"color": 0,
					"children": [0, 1]
				},
				{
					"name": "bulb",
					"origin": [-1.5, 4, 1],
					"color": 0,
					"children": [2]
				}
			]
		}
	]
}