{
	"format_version": "1.21.6",
	"credit": "Made with Blockbench",
	"textures": {
		"1": "item/eatinganimation/golden_apple/golden_apple_stem",
		"2": "item/eatinganimation/golden_apple/golden_apple_eat_4",
		"particle": "item/food_particles/golden_apple"
	},
	"elements": [
		{
			"name": "leaf",
			"from": [8.0019, 4.00099, 6.50251],
			"to": [8.0021, 7.00119, 8.50271],
			"rotation": {"angle": -22.5, "axis": "x", "origin": [7.502, 4.00109, 6.50261]},
			"faces": {
				"east": {"uv": [0, 0, 2, 3], "texture": "#1"},
				"west": {"uv": [2, 0, 4, 3], "texture": "#1"}
			}
		},
		{
			"name": "stem",
			"from": [7.503, 5.00209, 7.50361],
			"to": [8.501, 7.00009, 8.50161],
			"rotation": {"angle": 22.5, "axis": "x", "origin": [7.502, 5.00109, 7.50261]},
			"faces": {
				"north": {"uv": [0, 3, 1, 5], "texture": "#1"},
				"east": {"uv": [1, 3, 2, 5], "texture": "#1"},
				"south": {"uv": [2, 3, 3, 5], "texture": "#1"},
				"west": {"uv": [3, 3, 4, 5], "texture": "#1"},
				"up": {"uv": [5, 1, 4, 0], "texture": "#1"}
			}
		},
		{
			"name": "apple",
			"from": [7.502, 0.00109, 7.50261],
			"to": [8.502, 5.00109, 8.50261],
			"rotation": {"angle": 0, "axis": "y", "origin": [12.502, 0.00109, 12.50261]},
			"faces": {
				"north": {"uv": [2, 5, 3, 10], "texture": "#2"},
				"east": {"uv": [2, 5, 3, 10], "texture": "#2"},
				"south": {"uv": [2, 5, 3, 10], "texture": "#2"},
				"west": {"uv": [2, 5, 3, 10], "texture": "#2"},
				"up": {"uv": [11, 1, 10, 0], "texture": "#2"},
				"down": {"uv": [11, 3, 10, 4], "texture": "#2"}
			}
		}
	],
	"display": {
		"thirdperson_righthand": {
			"rotation": [0, 90, 0],
			"translation": [0, 5.25, 1.5],
			"scale": [0.65, 0.65, 0.65]
		},
		"thirdperson_lefthand": {
			"rotation": [0, -90, 0],
			"translation": [0, 5.25, 1.5],
			"scale": [0.65, 0.65, 0.65]
		},
		"firstperson_righthand": {
			"rotation": [-17, -12, -35],
			"translation": [-0.5, 5.75, 1],
			"scale": [0.75, 0.75, 0.75]
		},
		"firstperson_lefthand": {
			"rotation": [-1, -160, 36],
			"translation": [-0.5, 5.75, 1],
			"scale": [0.75, 0.75, 0.75]
		},
		"ground": {
			"translation": [0, 4.5, 0],
			"scale": [0.75, 0.75, 0.75]
		},
		"gui": {
			"rotation": [30, 45, 0],
			"translation": [-1, 6.5, 0],
			"scale": [1.5, 1.5, 1.5]
		},
		"head": {
			"rotation": [0, 90, 0],
			"translation": [-0.75, 14.5, 0.5]
		},
		"fixed": {
			"rotation": [0, 90, 0],
			"translation": [-1, 7.75, 1.5],
			"scale": [1.5, 1.5, 1.5]
		}
	},
	"groups": [
		{
			"name": "apple",
			"origin": [8, 4, 7],
			"color": 0,
			"children": [0, 1, 2]
		}
	]
}