{
	"format_version": "1.21.6",
	"credit": "Made with Blockbench",
	"parent": "minecraft:item/beetroot_soup_3d",
	"textures": {
		"0": "item/bowl_3d",
		"1": "item/beetroot_soup_3d",
		"2": "item/beetroot_soup_chunks_3d",
		"particle": "item/food_particles/beetroot_soup"
	},
	"elements": [
		{
			"name": "bottom",
			"from": [5, 0, 5],
			"to": [11, 1, 11],
			"rotation": {"angle": 0, "axis": "y", "origin": [-1, 0, -1]},
			"faces": {
				"north": {"uv": [0.5, 8, 3.5, 8.5], "texture": "#0"},
				"east": {"uv": [3.5, 8, 6.5, 8.5], "texture": "#0"},
				"south": {"uv": [8, 4, 11, 4.5], "texture": "#0"},
				"west": {"uv": [8, 4.5, 11, 5], "texture": "#0"},
				"up": {"uv": [3, 3, 0, 0], "texture": "#0"},
				"down": {"uv": [3, 3, 0, 6], "texture": "#0"}
			}
		},
		{
			"name": "side1",
			"from": [5, 0, 4],
			"to": [12, 3, 5],
			"rotation": {"angle": 0, "axis": "y", "origin": [11, 0, 5]},
			"faces": {
				"north": {"uv": [6.5, 1.5, 10, 3], "texture": "#0"},
				"east": {"uv": [8, 8, 8.5, 9.5], "texture": "#0"},
				"south": {"uv": [3, 1.5, 6.5, 3], "texture": "#0"},
				"up": {"uv": [10, 3.5, 6.5, 3], "texture": "#0"},
				"down": {"uv": [10, 3.5, 6.5, 4], "texture": "#0"}
			}
		},
		{
			"name": "side2",
			"from": [11, 0, 5],
			"to": [12, 3, 12],
			"rotation": {"angle": 0, "axis": "y", "origin": [11, 0, 5]},
			"faces": {
				"east": {"uv": [6.5, 1.5, 10, 3], "texture": "#0"},
				"south": {"uv": [8, 8, 8.5, 9.5], "texture": "#0"},
				"west": {"uv": [3, 4.5, 6.5, 6], "texture": "#0"},
				"up": {"uv": [7.5, 7.5, 7, 4], "texture": "#0"},
				"down": {"uv": [0.5, 7.5, 0, 11], "texture": "#0"}
			}
		},
		{
			"name": "side3",
			"from": [4, 0, 11],
			"to": [11, 3, 12],
			"rotation": {"angle": 0, "axis": "y", "origin": [11, 0, 5]},
			"faces": {
				"north": {"uv": [0, 6, 3.5, 7.5], "texture": "#0"},
				"south": {"uv": [6.5, 1.5, 10, 3], "texture": "#0"},
				"west": {"uv": [8, 8, 8.5, 9.5], "texture": "#0"},
				"up": {"uv": [4, 8, 0.5, 7.5], "texture": "#0"},
				"down": {"uv": [7.5, 7.5, 4, 8], "texture": "#0"}
			}
		},
		{
			"name": "side4",
			"from": [4, 0, 4],
			"to": [5, 3, 11],
			"rotation": {"angle": 0, "axis": "y", "origin": [11, 0, 5]},
			"faces": {
				"north": {"uv": [8, 8, 8.5, 9.5], "texture": "#0"},
				"east": {"uv": [6.5, 0, 10, 1.5], "texture": "#0"},
				"west": {"uv": [6.5, 1.5, 10, 3], "texture": "#0"},
				"up": {"uv": [8, 7.5, 7.5, 4], "texture": "#0"},
				"down": {"uv": [8, 7.5, 7.5, 11], "texture": "#0"}
			}
		},
		{
			"name": "soup",
			"from": [9.5, 0.5, 5],
			"to": [11.5, 2.5, 11],
			"rotation": {"angle": 0, "axis": "y", "origin": [9, 1, 4]},
			"faces": {
				"west": {"uv": [4, 0, 6, 6], "rotation": 90, "texture": "#1"},
				"up": {"uv": [6, 6, 4, 0], "texture": "#1"}
			}
		},
		{
			"name": "beet1",
			"from": [10.51, 2.01, 6.01],
			"to": [11.49, 2.99, 6.99],
			"rotation": {"angle": 22.5, "axis": "y", "origin": [11, 2.5, 6.5]},
			"faces": {
				"north": {"uv": [2, 0, 3, 1], "texture": "#2"},
				"east": {"uv": [1, 2, 2, 3], "texture": "#2"},
				"south": {"uv": [2, 1, 3, 2], "texture": "#2"},
				"west": {"uv": [2, 2, 3, 3], "texture": "#2"},
				"up": {"uv": [1, 4, 0, 3], "texture": "#2"}
			}
		},
		{
			"name": "beet3",
			"from": [10.4, 2, 9],
			"to": [11.4, 3, 10],
			"rotation": {"angle": -22.5, "axis": "z", "origin": [10.9, 2.5, 9.5]},
			"faces": {
				"north": {"uv": [0, 0, 1, 1], "texture": "#2"},
				"east": {"uv": [0, 1, 1, 2], "texture": "#2"},
				"south": {"uv": [1, 0, 2, 1], "texture": "#2"},
				"west": {"uv": [1, 1, 2, 2], "texture": "#2"},
				"up": {"uv": [1, 3, 0, 2], "texture": "#2"}
			}
		}
	],
	"groups": [
		{
			"name": "bowl",
			"origin": [11, 0, 5],
			"color": 0,
			"children": [0, 1, 2, 3, 4]
		},
		{
			"name": "beetroot_soup_content",
			"origin": [10, 2, 0],
			"color": 0,
			"children": [
				5,
				{
					"name": "beetroot_chunks",
					"origin": [6.5, 2.5, 6.5],
					"color": 0,
					"children": [6, 7]
				}
			]
		}
	]
}