{
	"format_version": "1.21.6",
	"credit": "Made with Blockbench",
	"texture_size": [32, 32],
	"textures": {
		"0": "item/eatinganimation/cooked_salmon/cooked_salmon_eat_1",
		"2": "item/eatinganimation/cooked_salmon/cooked_salmon_bones",
		"particle": "item/cooked_salmon"
	},
	"elements": [
		{
			"name": "head",
			"from": [7, 0.5, -2],
			"to": [9, 4.5, 1],
			"rotation": {"angle": 0, "axis": "y", "origin": [8, 0, 9]},
			"faces": {
				"north": {"uv": [12.5, 1.5, 13.5, 3.5], "texture": "#0"},
				"east": {"uv": [11, 1.5, 12.5, 3.5], "texture": "#0"},
				"south": {"uv": [10, 1.5, 11, 3.5], "texture": "#0"},
				"west": {"uv": [13.5, 1.5, 15, 3.5], "texture": "#0"},
				"up": {"uv": [13.5, 1.5, 12.5, 0], "texture": "#0"},
				"down": {"uv": [14.5, 0, 13.5, 1.5], "texture": "#0"}
			}
		},
		{
			"from": [9, 3.5, 0],
			"to": [8.75, 2.5, -1],
			"rotation": {"angle": 0, "axis": "y", "origin": [10, 2, 0]},
			"faces": {
				"north": {"uv": [1.5, 6.5, 1.75, 7], "texture": "#0"},
				"east": {"uv": [2, 6.5, 2.5, 7], "texture": "#0"},
				"south": {"uv": [1.5, 6.5, 1.75, 7], "texture": "#0"},
				"west": {"uv": [2, 6.5, 2.5, 7], "texture": "#0"},
				"up": {"uv": [1.5, 6.5, 1.75, 7], "texture": "#0"},
				"down": {"uv": [1.5, 6.5, 1.75, 7], "texture": "#0"}
			}
		},
		{
			"from": [7.25, 3.5, 0],
			"to": [7, 2.5, -1],
			"rotation": {"angle": 0, "axis": "y", "origin": [7, 2, 0]},
			"faces": {
				"north": {"uv": [1.5, 6.5, 1.75, 7], "texture": "#0"},
				"east": {"uv": [2, 6.5, 2.5, 7], "texture": "#0"},
				"south": {"uv": [1.5, 6.5, 1.75, 7], "texture": "#0"},
				"west": {"uv": [2, 6.5, 2.5, 7], "texture": "#0"},
				"up": {"uv": [1.5, 6.5, 1.75, 7], "texture": "#0"},
				"down": {"uv": [1.5, 6.5, 1.75, 7], "texture": "#0"}
			}
		},
		{
			"from": [7.999, -0.001, 3.999],
			"to": [8.001, 5.001, 5.001],
			"rotation": {"angle": 0, "axis": "y", "origin": [6, 1, 4]},
			"faces": {
				"north": {"uv": [3, 6.5, 3.5, 9], "texture": "#2"},
				"east": {"uv": [3, 6.5, 3.5, 9], "texture": "#2"},
				"south": {"uv": [3, 6.5, 3.5, 9], "texture": "#2"},
				"west": {"uv": [3, 6.5, 3.5, 9], "texture": "#2"},
				"up": {"uv": [3, 5.5, 3.5, 6], "texture": "#2"},
				"down": {"uv": [3, 6, 3.5, 6.5], "texture": "#2"}
			}
		},
		{
			"from": [7.999, 0.999, 1.999],
			"to": [8.001, 4.001, 3.001],
			"rotation": {"angle": 0, "axis": "y", "origin": [6, 1, 2]},
			"faces": {
				"north": {"uv": [2, 7, 2.5, 8.5], "texture": "#2"},
				"east": {"uv": [2, 7, 2.5, 8.5], "texture": "#2"},
				"south": {"uv": [2, 7, 2.5, 8.5], "texture": "#2"},
				"west": {"uv": [2, 7, 2.5, 8.5], "texture": "#2"},
				"up": {"uv": [2, 5.5, 2.5, 6], "texture": "#2"},
				"down": {"uv": [2, 6, 2.5, 6.5], "texture": "#2"}
			}
		},
		{
			"from": [7.751, 2.001, 1.001],
			"to": [8.249, 2.999, 16.999],
			"rotation": {"angle": 0, "axis": "y", "origin": [6, 1, 1]},
			"faces": {
				"north": {"uv": [1, 1, 1.5, 1.5], "texture": "#2"},
				"east": {"uv": [0, 0, 8, 0.5], "texture": "#2"},
				"south": {"uv": [1, 1.5, 1.5, 2], "texture": "#2"},
				"west": {"uv": [0, 0.5, 8, 1], "texture": "#2"},
				"up": {"uv": [0.5, 9, 0, 1], "texture": "#2"},
				"down": {"uv": [1, 1, 0.5, 9], "texture": "#2"}
			}
		},
		{
			"from": [7.999, -0.001, 7.999],
			"to": [8.001, 5.001, 9.001],
			"rotation": {"angle": 0, "axis": "y", "origin": [6, 1, 8]},
			"faces": {
				"north": {"uv": [4, 6.5, 4.5, 9], "texture": "#2"},
				"east": {"uv": [4, 6.5, 4.5, 9], "texture": "#2"},
				"south": {"uv": [4, 6.5, 4.5, 9], "texture": "#2"},
				"west": {"uv": [4, 6.5, 4.5, 9], "texture": "#2"},
				"up": {"uv": [4, 5.5, 4.5, 6], "texture": "#2"},
				"down": {"uv": [4, 6, 4.5, 6.5], "texture": "#2"}
			}
		},
		{
			"from": [7.999, -0.001, 5.999],
			"to": [8.001, 5.001, 7.001],
			"rotation": {"angle": 0, "axis": "y", "origin": [6, 1, 6]},
			"faces": {
				"north": {"uv": [4, 6.5, 4.5, 9], "texture": "#2"},
				"east": {"uv": [4, 6.5, 4.5, 9], "texture": "#2"},
				"south": {"uv": [4, 6.5, 4.5, 9], "texture": "#2"},
				"west": {"uv": [4, 6.5, 4.5, 9], "texture": "#2"},
				"up": {"uv": [4, 5.5, 4.5, 6], "texture": "#2"},
				"down": {"uv": [4, 6, 4.5, 6.5], "texture": "#2"}
			}
		},
		{
			"from": [7.999, -0.001, 11.999],
			"to": [8.001, 5.001, 13.001],
			"rotation": {"angle": 0, "axis": "y", "origin": [6, 1, 12]},
			"faces": {
				"north": {"uv": [6, 6.5, 6.5, 9], "texture": "#2"},
				"east": {"uv": [6, 6.5, 6.5, 9], "texture": "#2"},
				"south": {"uv": [6, 6.5, 6.5, 9], "texture": "#2"},
				"west": {"uv": [6, 6.5, 6.5, 9], "texture": "#2"},
				"up": {"uv": [6, 5.5, 6.5, 6], "texture": "#2"},
				"down": {"uv": [6, 6, 6.5, 6.5], "texture": "#2"}
			}
		},
		{
			"from": [7.999, -0.001, 9.999],
			"to": [8.001, 5.001, 11.001],
			"rotation": {"angle": 0, "axis": "y", "origin": [6, 1, 10]},
			"faces": {
				"north": {"uv": [5, 6.5, 5.5, 9], "texture": "#2"},
				"east": {"uv": [5, 6.5, 5.5, 9], "texture": "#2"},
				"south": {"uv": [5, 6.5, 5.5, 9], "texture": "#2"},
				"west": {"uv": [5, 6.5, 5.5, 9], "texture": "#2"},
				"up": {"uv": [5, 5.5, 5.5, 6], "texture": "#2"},
				"down": {"uv": [5, 6, 5.5, 6.5], "texture": "#2"}
			}
		},
		{
			"name": "body_back",
			"from": [6.5, 0, 14],
			"to": [9.5, 5, 17],
			"rotation": {"angle": 0, "axis": "y", "origin": [8, 0, 9]},
			"faces": {
				"north": {"uv": [4, 4, 5.5, 6.5], "texture": "#0"},
				"east": {"uv": [0, 10.5, 1.5, 13], "texture": "#0"},
				"south": {"uv": [9.5, 10.5, 11, 13], "texture": "#0"},
				"west": {"uv": [8, 10.5, 9.5, 13], "texture": "#0"},
				"up": {"uv": [5.5, 8, 4, 6.5], "texture": "#0"},
				"down": {"uv": [7, 6.5, 5.5, 8], "texture": "#0"}
			}
		},
		{
			"name": "tail",
			"from": [8, 0, 17],
			"to": [8, 5, 23],
			"rotation": {"angle": 0, "axis": "y", "origin": [8, 0, 9]},
			"faces": {
				"north": {"uv": [13, 8, 13, 10.5], "texture": "#0"},
				"east": {"uv": [16, 8, 13, 10.5], "texture": "#0"},
				"south": {"uv": [16, 8, 16, 10.5], "texture": "#0"},
				"west": {"uv": [13, 8, 16, 10.5], "texture": "#0"},
				"up": {"uv": [13, 8, 13, 5], "texture": "#0"},
				"down": {"uv": [13, 5, 13, 8], "texture": "#0"}
			}
		}
	],
	"display": {
		"thirdperson_righthand": {
			"rotation": [90, 0, -180],
			"translation": [0, -1.25, -3.25],
			"scale": [0.65, 0.65, 0.65]
		},
		"thirdperson_lefthand": {
			"rotation": [90, 0, -180],
			"translation": [0, -1.25, -3.25],
			"scale": [0.65, 0.65, 0.65]
		},
		"firstperson_righthand": {
			"rotation": [0, 5, -21],
			"translation": [-1, 8.25, 2],
			"scale": [0.5, 0.5, 0.5]
		},
		"firstperson_lefthand": {
			"rotation": [0, 5, -21],
			"translation": [-1, 8.25, 2],
			"scale": [0.5, 0.5, 0.5]
		},
		"ground": {
			"translation": [0, 3.5, 0],
			"scale": [0.5, 0.5, 0.5]
		},
		"gui": {
			"rotation": [30, 135, 0],
			"translation": [-1, 3, 1],
			"scale": [0.75, 0.75, 0.75]
		},
		"head": {
			"translation": [0, 14.25, 0]
		},
		"fixed": {
			"rotation": [0, 90, 0],
			"translation": [-1.75, 4.25, 1],
			"scale": [0.75, 0.75, 0.75]
		}
	},
	"groups": [
		{
			"name": "head",
			"origin": [0, 2.5, -8],
			"color": 0,
			"children": [0, 1, 2]
		},
		{
			"name": "body_front",
			"origin": [0, 2.5, -8],
			"color": 0,
			"children": [3, 4, 5, 6, 7, 8, 9]
		},
		{
			"name": "body_back",
			"origin": [0, 2.5, 0],
			"color": 0,
			"children": [10]
		},
		{
			"name": "fin_left",
			"origin": [-1.5, 1, -8],
			"rotation": [0, 0, 45],
			"color": 0,
			"children": []
		},
		{
			"name": "fin_right",
			"origin": [1.5, 1, -8],
			"rotation": [0, 0, -45],
			"color": 0,
			"children": []
		},
		{
			"name": "fin_back_1",
			"origin": [0, 7, -3],
			"color": 0,
			"children": []
		},
		{
			"name": "fin_back_2",
			"origin": [0, 7, -1],
			"color": 0,
			"children": []
		},
		{
			"name": "tail",
			"origin": [0, 2.5, 8],
			"color": 0,
			"children": [11]
		}
	]
}