{
	"format_version": "1.21.6",
	"credit": "Made with Blockbench",
	"parent": "minecraft:item/beef_3d",
	"texture_size": [32, 32],
	"textures": {
		"1": "item/cooked_beef_3d",
		"particle": "item/cooked_beef"
	},
	"elements": [
		{
			"name": "beef",
			"from": [5.5, 0.5, 3.5],
			"to": [10.5, 2.5, 12.5],
			"rotation": {"angle": 0, "axis": "y", "origin": [8, 0.75, 8]},
			"faces": {
				"north": {"uv": [5, 0, 7.5, 1], "texture": "#1"},
				"east": {"uv": [0, 4.5, 4.5, 5.5], "texture": "#1"},
				"south": {"uv": [5, 1, 7.5, 2], "texture": "#1"},
				"west": {"uv": [4.5, 4.5, 9, 5.5], "texture": "#1"},
				"up": {"uv": [2.5, 4.5, 0, 0], "texture": "#1"},
				"down": {"uv": [5, 0, 2.5, 4.5], "texture": "#1"}
			}
		}
	],
	"groups": [
		{
			"name": "beef",
			"origin": [-10, 2, 0],
			"color": 0,
			"children": [0]
		}
	]
}