{
	"format_version": "1.21.6",
	"credit": "Made with Blockbench",
	"parent": "minecraft:item/beef_3d",
	"texture_size": [32, 32],
	"textures": {
		"1": "item/eatinganimation/cooked_beef/cooked_beef_eat_1",
		"particle": "item/cooked_beef"
	},
	"elements": [
		{
			"name": "beef",
			"from": [5.5, 0.5, 5.5],
			"to": [7.5, 2.5, 6.5],
			"rotation": {"angle": 0, "axis": "y", "origin": [8, 1.5, 7]},
			"faces": {
				"north": {"uv": [5, 0, 7.5, 1], "texture": "#1"},
				"east": {"uv": [2.5, 4.5, 3, 5.5], "texture": "#1"},
				"south": {"uv": [5, 1, 6, 2], "texture": "#1"},
				"west": {"uv": [5.5, 4.5, 6, 5.5], "texture": "#1"},
				"up": {"uv": [2.5, 3.5, 1.5, 3], "texture": "#1"},
				"down": {"uv": [3.5, 3, 2.5, 3.5], "texture": "#1"}
			}
		},
		{
			"name": "beef",
			"from": [5.5, 0.5, 4.5],
			"to": [8.5, 2.5, 5.5],
			"rotation": {"angle": 0, "axis": "y", "origin": [8, 1.5, 7]},
			"faces": {
				"north": {"uv": [6, 0, 7.5, 1], "texture": "#1"},
				"east": {"uv": [6.5, 1, 7, 2], "texture": "#1"},
				"south": {"uv": [6, 1, 7.5, 2], "texture": "#1"},
				"west": {"uv": [5, 4.5, 5.5, 5.5], "texture": "#1"},
				"up": {"uv": [2.5, 4, 1, 3.5], "texture": "#1"},
				"down": {"uv": [4, 3.5, 2.5, 4], "texture": "#1"}
			}
		},
		{
			"name": "beef",
			"from": [5.5, 0.5, 3.5],
			"to": [10.5, 2.5, 4.5],
			"rotation": {"angle": 0, "axis": "y", "origin": [8, 1.5, 8]},
			"faces": {
				"north": {"uv": [5, 0, 7.5, 1], "texture": "#1"},
				"east": {"uv": [4, 4.5, 4.5, 5.5], "texture": "#1"},
				"south": {"uv": [5, 1, 7.5, 2], "texture": "#1"},
				"west": {"uv": [4.5, 4.5, 5, 5.5], "texture": "#1"},
				"up": {"uv": [2.5, 4.5, 0, 4], "texture": "#1"},
				"down": {"uv": [5, 4, 2.5, 4.5], "texture": "#1"}
			}
		}
	],
	"groups": [
		{
			"name": "beef",
			"origin": [-10, 2, 0],
			"color": 0,
			"children": [0, 1, 2]
		}
	]
}