{
	"format_version": "1.21.6",
	"credit": "Made with Blockbench",
	"parent": "minecraft:item/beef_3d",
	"texture_size": [32, 32],
	"textures": {
		"1": "item/eatinganimation/beef/beef_eat_1",
		"particle": "item/beef"
	},
	"elements": [
		{
			"name": "beef",
			"from": [7.5, 0.5, 10.5],
			"to": [10.5, 2.5, 11.5],
			"rotation": {"angle": 0, "axis": "y", "origin": [8, 1.5, 9]},
			"faces": {
				"north": {"uv": [5, 0, 7.5, 1], "texture": "#1"},
				"east": {"uv": [0.5, 4.5, 1, 5.5], "texture": "#1"},
				"south": {"uv": [6, 1, 7.5, 2], "texture": "#1"},
				"west": {"uv": [7.5, 4.5, 8, 5.5], "texture": "#1"},
				"up": {"uv": [1.5, 1, 0, 0.5], "texture": "#1"},
				"down": {"uv": [4, 0.5, 2.5, 1], "texture": "#1"}
			}
		},
		{
			"name": "beef",
			"from": [5.5, 0.5, 3.5],
			"to": [10.5, 2.5, 10.5],
			"rotation": {"angle": 0, "axis": "y", "origin": [8, 1.5, 8]},
			"faces": {
				"north": {"uv": [5, 0, 7.5, 1], "texture": "#1"},
				"east": {"uv": [1, 4.5, 4.5, 5.5], "texture": "#1"},
				"south": {"uv": [5, 1, 7.5, 2], "texture": "#1"},
				"west": {"uv": [4.5, 4.5, 8, 5.5], "texture": "#1"},
				"up": {"uv": [2.5, 4.5, 0, 1], "texture": "#1"},
				"down": {"uv": [5, 1, 2.5, 4.5], "texture": "#1"}
			}
		},
		{
			"name": "beef",
			"from": [8.5, 0.5, 11.5],
			"to": [10.5, 2.5, 12.5],
			"rotation": {"angle": 0, "axis": "y", "origin": [8, 1.5, 10]},
			"faces": {
				"north": {"uv": [5, 0, 7.5, 1], "texture": "#1"},
				"east": {"uv": [0, 4.5, 0.5, 5.5], "texture": "#1"},
				"south": {"uv": [6.5, 1, 7.5, 2], "texture": "#1"},
				"west": {"uv": [8.5, 4.5, 8, 5.5], "texture": "#1"},
				"up": {"uv": [1, 0.5, 0, 0], "texture": "#1"},
				"down": {"uv": [5, 0, 4, 0.5], "texture": "#1"}
			}
		}
	],
	"groups": [
		{
			"name": "beef",
			"origin": [-10, 2, 0],
			"color": 0,
			"children": [0, 1, 2]
		}
	]
}